  subject	emotion  	  mel_mean	    mel_min	   mel_max	     mel_var	  mel_std	  chroma_stft	      rmse	  spectral_centroid	  spectral_bandwidth	  rolloff	  zero_crossing_rate	   mfcc1	   mfcc2	      mfcc3
        1	anger    	 5.44899  	3.69649e-10	2593.25   	3196.64     	52.885   	     0.351984	0.128167  	            1696.68	             1734.49	  3468.81	           0.0839226	-189.489	119.051 	-38.1912
        1	disgust  	 2.20377  	3.4673e-10 	1275.52   	 629.788    	23.3116  	     0.396743	0.073791  	            2206.72	             1952.31	  4287.19	           0.137325 	-245.959	100.331 	-27.6154
        1	fear     	 2.06213  	3.83357e-10	1171.52   	 953.792    	24.1863  	     0.347003	0.0694299 	            1877.34	             1852.59	  3838.98	           0.0953563	-261.971	108.97  	-24.1133
        1	happiness	 3.59639  	4.82798e-10	1385.05   	1395.56     	34.9417  	     0.373238	0.101833  	            1988.37	             1917.11	  3988.43	           0.1097   	-200.898	107.469 	-30.9135
        1	sadness  	 0.860076 	3.66128e-10	 618.971  	  97.3503   	 9.8134  	     0.40585 	0.0435508 	            1918.58	             1961.97	  4058.87	           0.104058 	-302.475	110.681 	-13.637
        1	surprise 	 2.24734  	5.27482e-10	1152.21   	 621.232    	22.9204  	     0.381787	0.0756322 	            1699.53	             1765.75	  3491.59	           0.0919132	-257.467	123.089 	-23.3835
        2	anger    	 2.73243  	5.29851e-10	1314.64   	 618.105    	23.9764  	     0.391482	0.0847178 	            1860.07	             1810.72	  3708.05	           0.104761 	-232.249	116.723 	-29.6237
        2	disgust  	 0.954881 	5.50054e-10	1007.56   	 235.944    	13.7802  	     0.431158	0.0426807 	            2443.78	             2117.1 	  4851.95	           0.152116 	-285.818	 87.1655	-17.1113
        2	fear     	 1.97386  	3.557e-10  	1153.95   	1573.81     	24.3554  	     0.398159	0.0568367 	            1977.22	             1955.54	  4140.67	           0.108232 	-287.894	106.037 	-18.9152
        2	happiness	 3.83058  	4.05694e-10	2466.07   	2018.02     	42.5096  	     0.389165	0.0970485 	            2138.68	             1821.63	  4010.15	           0.135589 	-218.722	 91.6902	-25.5358
        2	sadness  	 0.649479 	5.43549e-10	 575.264  	 103.856    	 9.0728  	     0.403335	0.0347851 	            1996.17	             2031.28	  4351.72	           0.109183 	-327.86 	104.667 	 -8.28494
        2	surprise 	 1.24891  	4.71595e-10	 726.179  	 206.418    	13.4265  	     0.397991	0.0555598 	            1828.86	             1841.95	  3719.28	           0.101898 	-269.15 	118.06  	-19.3928
        3	anger    	 3.41992  	2.94079e-10	1301.97   	 867.332    	29.2347  	     0.412085	0.0902957 	            1828.51	             1811.55	  3691.73	           0.10505  	-251.662	114.08  	-31.9617
        3	disgust  	 1.61782  	2.86071e-10	 878.07   	 302.123    	16.0299  	     0.432379	0.0546978 	            2135.9 	             2059.71	  4523.89	           0.122068 	-303.633	 98.1841	-17.4489
        3	fear     	 3.27134  	3.59058e-10	1347.96   	 863.236    	29.2395  	     0.365593	0.0894842 	            1899.35	             1882.1 	  3791.29	           0.104224 	-249.141	108.339 	-18.4829
        3	happiness	 3.29206  	4.15227e-10	1242.54   	 983.814    	29.161   	     0.384484	0.0939049 	            2109.93	             1944.15	  4220.54	           0.124014 	-227.743	 98.0967	-30.6038
        3	sadness  	 0.914095 	2.82793e-10	 747.73   	 150.008    	11.4073  	     0.425177	0.0392305 	            1896.57	             1990.4 	  4031.01	           0.104942 	-326.949	109.791 	 -6.71161
        3	surprise 	 3.40757  	2.71058e-10	1469.88   	 978.807    	30.7149  	     0.378229	0.0928981 	            1871.78	             1856.96	  3784.71	           0.103817 	-237.24 	112.545 	-27.1783
        4	anger    	 2.13046  	2.31653e-10	 975.349  	 412.672    	18.2171  	     0.385421	0.0738327 	            1940.14	             1776.63	  3831.26	           0.114884 	-253.108	109.715 	-43.0372
        4	disgust  	 0.440031 	2.70984e-10	 164.965  	  19.4632   	 3.73413 	     0.429454	0.032022  	            2358.09	             2120.04	  4771.61	           0.145899 	-304.963	 93.6431	-28.611
        4	fear     	 0.328222 	2.54855e-10	 257.607  	  51.5391   	 5.35287 	     0.418037	0.0240992 	            2422.93	             2155.08	  4998.41	           0.145844 	-338.003	 85.1531	-19.2063
        4	happiness	 1.61104  	2.67923e-10	 829.091  	 344.677    	14.9072  	     0.414056	0.0589743 	            2184.35	             1937.45	  4273.26	           0.136752 	-271.395	 99.8673	-36.376
        4	sadness  	 0.366028 	3.56998e-10	 249.863  	  32.4885   	 4.73452 	     0.395019	0.0269253 	            2289.64	             2056.39	  4585.34	           0.13914  	-325.573	 93.7594	-20.2872
        4	surprise 	 2.50217  	2.57996e-10	1061.17   	 576.331    	23.2136  	     0.378797	0.0757483 	            1894.04	             1795.62	  3769.94	           0.110899 	-264.287	109.04  	-33.781
        5	anger    	 3.00012  	2.20175e-10	1389.96   	1030.07     	31.0672  	     0.339392	0.0854606 	            1672.24	             1675.53	  3386.73	           0.0885095	-260.86 	119.135 	-35.1463
        5	disgust  	 2.30372  	2.95827e-10	1293.04   	 817.706    	27.4429  	     0.353223	0.0704645 	            1992.63	             1915.21	  4111.11	           0.106694 	-265.379	103.476 	-24.6732
        5	fear     	 2.37591  	2.35844e-10	 867.57   	 624.927    	22.9421  	     0.31758 	0.0783545 	            1916.2 	             1756.3 	  3716.21	           0.107721 	-256.151	104.222 	-37.8863
        5	happiness	 2.63148  	2.71934e-10	1025.28   	 507.833    	21.9571  	     0.357665	0.0840003 	            2086.57	             1770.29	  3911.69	           0.127769 	-236.555	104.571 	-44.8075
        5	sadness  	 0.681722 	2.39726e-10	 660.815  	 142.606    	11.1235  	     0.365653	0.0344053 	            1854.83	             1910.83	  3950.73	           0.0985563	-336.103	108.333 	-13.2834
        5	surprise 	 1.92363  	2.64834e-10	 979.697  	 419.196    	19.776   	     0.342055	0.0646598 	            1661.01	             1720.07	  3454.93	           0.0840799	-281.454	121.7   	-28.4058
        7	anger    	 3.54427  	4.38453e-10	1493.97   	 839.768    	27.7509  	     0.371523	0.104129  	            2019.25	             1771.59	  3948.31	           0.116795 	-206.069	101.093 	-48.5732
        7	disgust  	 3.52261  	3.7809e-10 	1534.31   	1062.18     	31.817   	     0.358297	0.101225  	            2146.33	             1912.6 	  4228.73	           0.123956 	-215.947	 87.3379	-48.1362
        7	fear     	 2.71222  	2.93573e-10	1462.92   	1111.98     	29.263   	     0.362092	0.0779178 	            2163.85	             1906.32	  4259.97	           0.129543 	-272.426	 85.063 	-41.1855
        7	happiness	 3.76848  	2.87294e-10	1553.4    	1022.31     	31.7775  	     0.322387	0.11287   	            2161.99	             1739.55	  3956.21	           0.129662 	-214.423	 73.4696	-75.1758
        7	sadness  	 0.909063 	3.25541e-10	 640.968  	 166.764    	11.3846  	     0.349568	0.0420403 	            1950.77	             1909.21	  4105.95	           0.101388 	-302.06 	105.202 	-29.4418
        7	surprise 	 1.69183  	3.16942e-10	 936.153  	 309.846    	17.0281  	     0.400955	0.0583738 	            1957.74	             1877.08	  4084.25	           0.11544  	-290.229	104.783 	-29.2422
        8	anger    	 3.86571  	3.23497e-10	2085.49   	1397.25     	35.19    	     0.422322	0.0975477 	            1901.8 	             1752.03	  3857.19	           0.119829 	-233.266	114.037 	-41.8881
        8	disgust  	 2.54995  	3.20267e-10	 853.026  	 463.026    	20.723   	     0.454479	0.0738408 	            2097.3 	             1914.71	  4301.19	           0.132644 	-264.271	107.88  	-29.6899
        8	fear     	 0.889519 	4.00972e-10	 411.211  	 143.224    	 8.55287 	     0.439754	0.0407157 	            2271.29	             1993.89	  4471.7 	           0.140432 	-279.282	 93.7565	-28.2267
        8	happiness	 3.34549  	2.83917e-10	1408.97   	 718.925    	26.3104  	     0.42528 	0.0928942 	            1906.28	             1723.11	  3711.79	           0.118069 	-223.724	117.304 	-40.8175
        8	sadness  	 0.52411  	3.84956e-10	 193.488  	  21.9859   	 4.45804 	     0.447519	0.0336688 	            2009.38	             1954.88	  4207.59	           0.117007 	-304.044	113.119 	-23.0684
        8	surprise 	 1.56467  	4.23429e-10	 688.566  	 249.27     	14.0657  	     0.446462	0.0576303 	            1909.4 	             1882.72	  3951.66	           0.112038 	-269.83 	112.367 	-24.319
        9	anger    	 2.81182  	5.54016e-10	1377.15   	 643.071    	24.543   	     0.405876	0.0833297 	            2068.44	             1966.83	  4239.41	           0.119901 	-227.983	102.814 	-28.8646
        9	disgust  	 0.928162 	5.34322e-10	 466.727  	  93.7305   	 8.98787 	     0.484857	0.0447005 	            2517.36	             2151.35	  4985.14	           0.169804 	-269.022	 88.0085	-22.3731
        9	fear     	 1.64303  	4.82048e-10	 974.618  	 423.644    	16.5804  	     0.41304 	0.0590317 	            2144.78	             2012.38	  4295.32	           0.130125 	-254.092	101.714 	-18.4288
        9	happiness	 0.858788 	4.85665e-10	 365.141  	 127.049    	 8.70879 	     0.471634	0.0413741 	            2290.21	             2129.47	  4786.79	           0.147584 	-281.742	101.036 	-20.7416
        9	sadness  	 0.372762 	4.7685e-10 	 193.018  	  32.8445   	 3.75928 	     0.468544	0.0265065 	            2026.55	             2050.7 	  4293.44	           0.119037 	-319.258	112.909 	-11.598
        9	surprise 	 0.975044 	6.17575e-10	 397.445  	  77.7827   	 8.36524 	     0.45821 	0.04745   	            2215.77	             2084.76	  4612.45	           0.132445 	-262.688	 98.7799	-21.6203
       10	anger    	 4.91851  	5.44202e-10	1369.24   	1172.57     	33.8154  	     0.369973	0.12949   	            1861.65	             1714.32	  3630.97	           0.105076 	-167.687	118.421 	-48.0538
       10	disgust  	 1.93023  	5.9851e-10 	 630.953  	 228.248    	14.1791  	     0.415178	0.0793721 	            2561.13	             1918.8 	  4612.39	           0.179683 	-199.182	 86.5698	-39.0372
       10	fear     	 2.99927  	7.34397e-10	1072.14   	 744.634    	23.7867  	     0.382717	0.0892866 	            2343.74	             2035.31	  4585.61	           0.136091 	-208.455	 86.0043	-29.3948
       10	happiness	 4.18823  	7.69322e-10	1462.4    	1182.99     	32.2567  	     0.392734	0.115904  	            2191.36	             1880.29	  4130.13	           0.135172 	-177.245	 99.6513	-38.1579
       10	sadness  	 1.43525  	5.33485e-10	 500.682  	 144.68     	11.2753  	     0.406865	0.0614878 	            2059.14	             1957.7 	  4001.57	           0.12098  	-250.42 	107.105 	-17.2919
       10	surprise 	 3.62891  	9.04368e-10	1046.22   	 850.657    	27.9374  	     0.385722	0.104296  	            1967.18	             1901.35	  3827.83	           0.109561 	-184.712	110.765 	-27.8522
       11	anger    	 5.0066   	6.33645e-10	1174.7    	1120.14     	33.3011  	     0.330767	0.130712  	            1514.92	             1542.06	  2882.76	           0.078762 	-182.515	138.797 	-45.5784
       11	disgust  	 2.17928  	6.18522e-10	1165.1    	1200.45     	26.4252  	     0.343789	0.0691498 	            2043.52	             2039.78	  4258.59	           0.106628 	-279.852	 98.6814	 -3.64359
       11	fear     	 1.55907  	7.80262e-10	 803.347  	 430.229    	16.7554  	     0.372925	0.0605579 	            2146.86	             2046.58	  4318.27	           0.120651 	-271.946	 97.329 	 -9.39423
       11	happiness	 4.2663   	7.91104e-10	1375.08   	1361.98     	34.505   	     0.377763	0.106743  	            1724.92	             1822.75	  3660.36	           0.0861746	-232.548	118.236 	-24.6565
       11	sadness  	 0.942051 	7.66211e-10	 513.396  	 119.234    	 9.89338 	     0.362974	0.0451823 	            1899.59	             1936.16	  3983.8 	           0.102096 	-309.403	110.916 	-13.5404
       11	surprise 	 3.9043   	6.90622e-10	2034.74   	1961.54     	43.9477  	     0.341883	0.0972585 	            1712.62	             1870.17	  3643.15	           0.0842627	-256.239	113.772 	-10.3756
       12	anger    	 3.66614  	3.31005e-10	1480.83   	 973.102    	29.7609  	     0.347888	0.103778  	            1948.68	             1717.99	  3688.14	           0.113938 	-218.198	 99.4778	-52.7601
       12	disgust  	 3.56292  	4.9044e-10 	1336      	1095.78     	31.8076  	     0.363042	0.0934306 	            2267.96	             2043.24	  4543.68	           0.129792 	-252.511	 82.5616	-29.6944
       12	fear     	 4.03389  	5.7115e-10 	1340.97   	1643.86     	38.1282  	     0.311562	0.107877  	            2090.11	             1914.33	  4087.02	           0.112887 	-211.927	 89.8274	-40.6895
       12	happiness	 4.09512  	4.11997e-10	1216.46   	1196.55     	32.6525  	     0.327481	0.111289  	            1959   	             1807.21	  3833.22	           0.10647  	-207.928	 99.4389	-46.2876
       12	sadness  	 0.405822 	4.39984e-10	 367.14   	  58.5427   	 5.59354 	     0.417811	0.0256816 	            1880.58	             1976.98	  4005.74	           0.101572 	-356.767	111.15  	 -9.09361
       12	surprise 	 2.82542  	4.84784e-10	1344.14   	1094.65     	30.802   	     0.333777	0.0788224 	            1918.59	             1998.37	  4131.21	           0.0927295	-262.573	 98.2233	-18.9603
       13	anger    	 2.69691  	5.04533e-10	1433.77   	 834.573    	26.3987  	     0.35841 	0.08545   	            1566.06	             1673.44	  3035.55	           0.0802384	-242.868	132.022 	-26.9255
       13	disgust  	 1.15725  	4.91356e-10	 611.074  	 123.709    	10.6039  	     0.408587	0.0523082 	            1933.84	             1912.06	  3875.11	           0.111098 	-279.18 	119.293 	-18.2233
       13	fear     	 1.29386  	5.05382e-10	 580.918  	 458.897    	14.0902  	     0.385582	0.0499645 	            1823   	             1871.16	  3705.81	           0.0992117	-293.935	120.208 	-20.0239
       13	happiness	 4.06416  	3.82259e-10	2046.41   	2687.26     	46.8314  	     0.349175	0.0996227 	            1715.44	             1725.08	  3324.25	           0.0933185	-234.693	119.953 	-22.3545
       13	sadness  	 0.262265 	4.70103e-10	  92.7456 	   6.20693  	 2.23499 	     0.418293	0.0237449 	            1808.82	             1961.87	  3778.96	           0.0962791	-344.407	124.012 	-10.225
       13	surprise 	 1.6587   	4.00511e-10	 568.108  	 208.469    	13.7014  	     0.401152	0.0642203 	            1689.67	             1779.16	  3375.99	           0.0931308	-270.911	131.222 	-16.5865
       14	anger    	 2.49017  	3.84002e-10	1127.77   	 492.771    	20.234   	     0.408922	0.080664  	            1719.06	             1648.73	  3356.62	           0.100775 	-239.332	129.091 	-39.5168
       14	disgust  	 2.70496  	4.02089e-10	 910.646  	 488.452    	20.2819  	     0.379091	0.0884125 	            1742.9 	             1683.01	  3500.48	           0.100177 	-238.473	126.068 	-40.5103
       14	fear     	 1.20845  	5.55923e-10	 710.497  	 246.989    	13.7182  	     0.383212	0.0534113 	            1767.34	             1826.66	  3632.54	           0.0942262	-284.127	114.353 	-20.8035
       14	happiness	 2.15396  	4.78495e-10	1020.9    	 464.242    	20.3079  	     0.42569 	0.0706285 	            1888.82	             1741.91	  3676.75	           0.117145 	-252.029	118.311 	-35.7327
       14	sadness  	 0.584243 	4.12367e-10	 275.03   	  39.4413   	 5.72729 	     0.419069	0.03481   	            1768.02	             1771.99	  3592.36	           0.101051 	-311.635	126.324 	-25.6058
       14	surprise 	 1.20928  	5.19355e-10	 498.238  	 185.537    	11.3594  	     0.418731	0.0489407 	            1671.3 	             1751.5 	  3446.58	           0.0907047	-291.805	129.463 	-26.8225
       15	anger    	 3.56529  	5.22746e-10	1293.42   	 868.968    	27.1275  	     0.39761 	0.106687  	            1962.01	             1746.12	  3793.88	           0.117936 	-184.421	113.67  	-50.8254
       15	disgust  	 0.23235  	3.83716e-10	 119.285  	   5.77521  	 2.14027 	     0.446308	0.0237852 	            2205.99	             2018.38	  4377.11	           0.141206 	-307.199	106.738 	-24.9685
       15	fear     	 0.899887 	4.80156e-10	 549.528  	 247.001    	11.2711  	     0.41882 	0.0378951 	            2155.07	             1978.36	  4351.04	           0.12587  	-290.319	101.74  	-27.763
       15	happiness	 3.06687  	6.34091e-10	1387.66   	1003.19     	30.1373  	     0.388601	0.097738  	            2194.35	             1863.3 	  4065.35	           0.136847 	-184.094	100.534 	-39.6164
       15	sadness  	 0.100193 	4.17241e-10	  35.5991 	   0.896347 	 0.859093	     0.444735	0.0166994 	            2131.33	             2013.43	  4313.62	           0.125821 	-328.487	108.573 	-20.6387
       15	surprise 	 0.180114 	4.34361e-10	  63.2437 	   1.84804  	 1.31536 	     0.463015	0.021245  	            1884.38	             1873.35	  3889.99	           0.109733 	-334.773	125.089 	-22.5059
       16	anger    	 4.37161  	5.21877e-10	1588.48   	1214.76     	34.2904  	     0.392651	0.114206  	            1956.87	             1897.06	  3862.57	           0.108443 	-187.657	110.044 	-32.1049
       16	disgust  	 3.14381  	5.3065e-10 	1219.78   	1008.5      	29.1609  	     0.423706	0.0933435 	            2539.49	             2165.12	  4910.78	           0.165085 	-218.959	 83.3625	-14.3144
       16	fear     	 4.45497  	5.89546e-10	1577.79   	1741.05     	40.6849  	     0.324161	0.11462   	            2146.33	             1994.45	  4307.23	           0.115536 	-208.132	 92.8625	-32.4959
       16	happiness	 4.0028   	5.41169e-10	1403.25   	1277.37     	34.2604  	     0.393668	0.108267  	            2176.07	             2040.2 	  4302.82	           0.125103 	-198.744	 95.5384	-26.2228
       16	sadness  	 2.80631  	5.41023e-10	 939.228  	 691.928    	25.2212  	     0.349485	0.0849558 	            1964.53	             1887.53	  3997.51	           0.108235 	-243.79 	107.711 	-28.5814
       16	surprise 	 3.06868  	6.75138e-10	 893.847  	 563.5      	22.1812  	     0.427411	0.0929032 	            2128.43	             1998.32	  4232.91	           0.129468 	-219.657	103.251 	-31.6797
       17	anger    	 4.86457  	3.61493e-10	1724.4    	1495.66     	37.7529  	     0.339942	0.123784  	            1609.4 	             1679.57	  3132.49	           0.0834366	-202.567	126.568 	-34.9707
       17	disgust  	 2.21854  	5.81345e-10	 868.157  	 409.118    	19.6249  	     0.394982	0.0715739 	            2061.3 	             2005.85	  4223.08	           0.119137 	-254.568	104.48  	-18.743
       17	fear     	 1.18772  	6.22357e-10	 680.474  	 186.559    	13.4761  	     0.410414	0.0478069 	            2153.28	             2125.01	  4542.54	           0.123412 	-305.602	 98.3426	 -7.68442
       17	happiness	 2.26395  	5.45285e-10	1174.98   	 663.211    	24.0957  	     0.40154 	0.0706176 	            2031.51	             1969.52	  4065.8 	           0.118535 	-265.334	103.181 	-17.8643
       17	sadness  	 1.04048  	6.19035e-10	 857.042  	 170.295    	12.5795  	     0.39964 	0.04709   	            1944.97	             1988.77	  4098.4 	           0.104905 	-296.199	106.622 	-13.7585
       17	surprise 	 2.26576  	5.72563e-10	1135.14   	 895.748    	25.2911  	     0.399792	0.0709596 	            1812.9 	             1879.3 	  3760.17	           0.100703 	-261.802	116.877 	-16.6089
       18	anger    	 3.8398   	5.37443e-10	2167.97   	1263.68     	33.9972  	     0.397977	0.10048   	            1956.04	             1858.26	  3989.78	           0.109947 	-221.467	103.399 	-38.482
       18	disgust  	 1.17284  	6.4803e-10 	1014.77   	 317.989    	16.0079  	     0.426052	0.0487549 	            2523.54	             2087.12	  4826.16	           0.161275 	-279.354	 78.9492	-24.2274
       18	fear     	 1.26039  	4.70933e-10	 650.921  	 236.995    	12.6321  	     0.406376	0.0551713 	            2305.24	             1945.21	  4345.29	           0.144397 	-252.913	 89.5219	-35.9397
       18	happiness	 2.88265  	6.10509e-10	1435.96   	1005.66     	28.082   	     0.361652	0.0900348 	            2258.79	             1803.6 	  4023.77	           0.148232 	-216.523	 95.2528	-48.2421
       18	sadness  	 0.361553 	4.9655e-10 	 485.253  	  88.9615   	 5.9505  	     0.462504	0.0237861 	            2281.45	             2045.01	  4644.22	           0.138641 	-323.417	 95.5255	-27.7545
       18	surprise 	 1.7894   	7.82315e-10	1040.14   	 317.951    	17.5676  	     0.460375	0.0634195 	            2065.21	             1896.92	  4131.66	           0.127802 	-259.739	104.665 	-32.1719
       19	anger    	 0.805106 	5.67564e-10	 325.738  	  49.3497   	 6.62049 	     0.366859	0.0503243 	            1632.38	             1736.95	  3341.78	           0.0796481	-263.664	130.936 	-32.9038
       19	disgust  	 0.253625 	6.22954e-10	 165.675  	   9.41052  	 2.74077 	     0.428183	0.0254134 	            2064.52	             2022.45	  4214.26	           0.117086 	-320.734	111.404 	-12.4476
       19	fear     	 0.204566 	9.05013e-10	  56.8803 	   3.37259  	 1.78798 	     0.389023	0.0249931 	            1907.75	             1942.52	  3986.27	           0.0916391	-322.973	111.402 	-21.3047
       19	happiness	 0.535005 	7.49493e-10	 237.494  	  44.2727   	 4.82448 	     0.407438	0.0400785 	            1903.1 	             1871.65	  3862.11	           0.0952175	-270.085	118.4   	-25.1189
       19	sadness  	 0.161648 	8.68006e-10	  40.0117 	   1.97122  	 1.3468  	     0.415924	0.0208976 	            1982.79	             1967.92	  4104.24	           0.11101  	-333.781	115.378 	-19.2454
       19	surprise 	 0.333185 	8.03017e-10	  75.7465 	   6.39474  	 2.40675 	     0.386371	0.0332939 	            1715.01	             1801.59	  3482.41	           0.0829545	-298.292	124.567 	-24.2379
       20	anger    	 2.49494  	7.91074e-10	 831.753  	 361.36     	18.7203  	     0.418014	0.0829019 	            1670.14	             1651.1 	  3350.08	           0.097636 	-225.376	136.717 	-36.277
       20	disgust  	 2.14695  	6.49565e-10	 835.634  	 430.721    	19.8802  	     0.401697	0.0706371 	            1960.66	             1905.89	  4170.25	           0.111512 	-254.952	115.793 	-25.5976
       20	fear     	 2.52019  	1.06484e-09	 588.389  	 335.637    	16.9163  	     0.416311	0.0832808 	            1839.27	             1751.94	  3776.85	           0.111303 	-233.885	128.977 	-34.026
       20	happiness	 1.97994  	1.06283e-09	 745.248  	 351.282    	17.798   	     0.413161	0.0684682 	            2043.85	             1909.68	  4168.78	           0.128197 	-254.962	112.694 	-27.3847
       20	sadness  	 1.69278  	1.04922e-09	 486.054  	 219.165    	13.2412  	     0.417639	0.061238  	            1849.26	             1801.46	  3772.64	           0.11057  	-271.04 	125.101 	-30.2073
       20	surprise 	 2.30528  	1.22189e-09	 706.72   	 365.292    	18.9703  	     0.394141	0.0772453 	            1685.92	             1664.19	  3375.25	           0.0994038	-250.717	135.628 	-32.1397
       21	anger    	 1.48048  	9.47948e-10	 662.653  	 187.3      	13.5814  	     0.415464	0.0609709 	            1845.58	             1742.84	  3682.97	           0.107474 	-267.857	120.346 	-37.5531
       21	disgust  	 0.246388 	1.29043e-09	 108.213  	   7.32559  	 2.47676 	     0.399031	0.0260885 	            2038.16	             2006.52	  4190.92	           0.113674 	-322.133	110.899 	-15.2271
       21	fear     	 0.353782 	1.27871e-09	 192.868  	  29.231    	 4.28028 	     0.353006	0.0280148 	            1816.35	             1946.25	  3908.27	           0.0905215	-334.276	114.216 	-15.2116
       21	happiness	 0.507832 	1.04564e-09	 251.756  	  36.0849   	 5.50795 	     0.389776	0.0362886 	            2262.61	             2018.29	  4573.78	           0.133573 	-300.397	 99.1792	-24.6945
       21	sadness  	 0.145127 	1.36203e-09	  81.2918 	   2.8581   	 1.62278 	     0.405233	0.0190056 	            2101.16	             2079.22	  4440.32	           0.117087 	-343.237	107.547 	-13.7795
       21	surprise 	 0.223905 	1.38567e-09	  65.0288 	   2.96458  	 1.68628 	     0.406786	0.0261716 	            1992.77	             1934.27	  4081.75	           0.110925 	-307.352	113.37  	-24.7593
       22	anger    	 0.46396  	6.88925e-10	 244.646  	  27.625    	 4.98309 	     0.375492	0.0349945 	            2314.22	             2125.3 	  4558.43	           0.105987 	-335.179	 84.0407	-30.6649
       22	disgust  	 0.260432 	8.1413e-10 	 144.121  	  16.7985   	 3.13404 	     0.321572	0.0240593 	            2499.89	             2145.86	  4814.27	           0.124478 	-356.268	 76.2673	-24.4312
       22	fear     	 0.142394 	7.81232e-10	  69.6907 	   3.41821  	 1.64372 	     0.347492	0.0178678 	            2552.94	             2240.3 	  4968.63	           0.125629 	-394.184	 73.1773	-15.852
       22	happiness	 0.287208 	5.30875e-10	 119.292  	  10.0056   	 2.99142 	     0.389084	0.0262395 	            2499.73	             2164.45	  4891.77	           0.129298 	-361.805	 83.6597	-25.1241
       22	sadness  	 0.107367 	4.83887e-10	  56.5749 	   1.72575  	 1.27113 	     0.348027	0.0156561 	            2328.91	             2241.63	  4771.79	           0.0994899	-414.437	 86.5329	-11.2282
       22	surprise 	 0.291709 	4.58344e-10	 173.086  	  18.3403   	 3.73882 	     0.367142	0.0241896 	            2279.24	             2142.15	  4654.85	           0.105122 	-381.927	 90.5576	-23.2922
       23	anger    	 0.526365 	4.97478e-10	 187.108  	  22.1656   	 4.5633  	     0.375122	0.0358865 	            1810.6 	             1961.21	  3700.72	           0.0822918	-356.871	118.525 	 -4.40744
       23	disgust  	 0.325364 	5.5292e-10 	 127.947  	  16.8805   	 3.31774 	     0.362505	0.0265292 	            2290.61	             2099.96	  4431.1 	           0.122743 	-373.986	 97.2791	 -1.6452
       23	fear     	 0.251951 	5.94707e-10	 121.596  	  14.0368   	 2.81286 	     0.37144 	0.023467  	            2260.39	             2139.76	  4455.02	           0.112426 	-392.504	 94.5079	  5.14772
       23	happiness	 0.948762 	7.90256e-10	 261.821  	  72.7036   	 8.52639 	     0.361641	0.0524895 	            2169.84	             2021.7 	  4159.55	           0.121581 	-296.045	105.699 	-14.3212
       23	sadness  	 0.0926201	5.20219e-10	  38.3569 	   0.874427 	 0.866302	     0.391486	0.0137806 	            2282.7 	             2264.23	  4644.22	           0.108994 	-448.876	 93.774 	 15.816
       23	surprise 	 0.570595 	6.26585e-10	 171.372  	  28.4997   	 5.02481 	     0.356156	0.0380372 	            1973.09	             1982.88	  3917.09	           0.0934601	-355.222	111.93  	 -4.29294
       24	anger    	 1.40516  	5.94658e-10	 397.18   	 116.12     	10.7289  	     0.340511	0.0662937 	            2171.83	             2092.82	  4232.29	           0.102811 	-255.997	 93.8659	-13.1509
       24	disgust  	 0.864964 	6.03781e-10	 323.91   	  70.8684   	 8.36778 	     0.348774	0.0509862 	            2735.52	             2278.7 	  5014.77	           0.147472 	-288.188	 71.4688	  8.7579
       24	fear     	 0.834236 	4.74172e-10	 219.236  	  92.8579   	 7.39192 	     0.350662	0.0438627 	            2252.72	             2147.4 	  4317.97	           0.109839 	-342.389	 84.3117	  9.38123
       24	happiness	 1.20075  	7.37008e-10	 427.2    	 116.612    	10.4659  	     0.355359	0.0623081 	            2479.48	             2101.96	  4511.49	           0.135325 	-271.584	 81.6464	 -0.53769
       24	sadness  	 0.533871 	7.0113e-10 	 183.589  	  26.1632   	 4.90406 	     0.358002	0.0383243 	            2339.88	             2174.07	  4543.91	           0.116462 	-319.044	 86.9567	  2.02966
       24	surprise 	 0.872223 	6.8003e-10 	 303.988  	  57.5669   	 7.47399 	     0.372109	0.048888  	            2164.53	             2172.09	  4294.51	           0.101403 	-301.156	 95.4205	 -0.345967
       25	anger    	 0.825538 	5.99879e-10	 219.983  	  40.1103   	 6.21098 	     0.392367	0.0483117 	            1963.85	             1987.03	  3888.13	           0.0943712	-293.167	112.409 	-17.7781
       25	disgust  	 0.223863 	5.93853e-10	  81.8911 	   5.21299  	 2.11464 	     0.413757	0.023628  	            2397.17	             2068.49	  4452.25	           0.140114 	-353.452	 94.8122	 -9.1892
       25	fear     	 0.167192 	5.9878e-10 	  41.7857 	   2.2526   	 1.29064 	     0.367258	0.0219632 	            2040.13	             2026.71	  3996.91	           0.0959761	-363.425	104.386 	 -2.80139
       25	happiness	 0.223261 	7.50743e-10	  86.2633 	   6.65211  	 2.13444 	     0.414804	0.0258594 	            2623.65	             2083.23	  4688.43	           0.161604 	-323.782	 85.7518	-10.9667
       25	sadness  	 0.0744436	4.90529e-10	  23.486  	   0.435748 	 0.650225	     0.400674	0.0137679 	            2266.36	             2160.34	  4457.49	           0.116438 	-411.939	 99.0883	  3.21598
       25	surprise 	 0.130674 	6.23145e-10	  27.3305 	   0.932954 	 0.893685	     0.427737	0.0194807 	            2157.19	             2013.36	  4068.42	           0.114545 	-359.118	109.246 	 -4.01839
       26	anger    	 0.916877 	5.3847e-10 	 271.097  	  59.9413   	 7.64505 	     0.346927	0.0507433 	            2397.71	             2127.86	  4588.92	           0.121695 	-305.781	 81.4735	-28.2536
       26	disgust  	 0.736524 	5.24776e-10	 267.674  	  60.7179   	 7.16647 	     0.381552	0.0409346 	            2886.27	             2378.82	  5534.24	           0.161859 	-341.803	 66.9178	 -8.25333
       26	fear     	 0.746507 	5.22278e-10	 295.287  	  60.7569   	 7.57305 	     0.352449	0.0419471 	            2614.99	             2238.44	  5018.59	           0.138349 	-357.631	 69.9153	 -6.82473
       26	happiness	 0.730103 	6.12389e-10	 239.219  	  40.2703   	 6.20932 	     0.397846	0.0427072 	            2485.19	             2166.26	  4716.33	           0.138012 	-326.467	 88.3334	-21.379
       26	sadness  	 0.241125 	5.06965e-10	 116.75   	   7.68756  	 2.46418 	     0.379761	0.0222834 	            2703.74	             2449.09	  5569.66	           0.137316 	-406.269	 74.6244	 -0.144683
       26	surprise 	 0.502812 	5.65044e-10	 197.733  	  23.8298   	 4.72284 	     0.366235	0.0338896 	            2383.31	             2270.42	  4870.88	           0.110675 	-360.902	 86.6849	 -2.96855
       27	anger    	 0.816532 	4.86241e-10	 211.22   	  38.6104   	 6.13268 	     0.415661	0.0443343 	            1971.51	             1945.07	  3946.91	           0.0976395	-335.491	117.543 	-22.3705
       27	disgust  	 0.473539 	6.19213e-10	 202.049  	  21.9266   	 4.38547 	     0.427649	0.0314363 	            2427.93	             2151.68	  4662.19	           0.133977 	-353.456	 94.3928	 -8.66253
       27	fear     	 0.164888 	5.45635e-10	  64.802  	   2.84125  	 1.59572 	     0.418956	0.0189596 	            2336.3 	             2228.49	  4665.65	           0.114571 	-398.248	 93.8077	 -4.62414
       27	happiness	 0.531976 	4.74725e-10	 165.983  	  20.5202   	 4.47353 	     0.425978	0.0350981 	            2511.57	             2210.6 	  4870.82	           0.135546 	-339.945	 87.3842	 -7.11989
       27	sadness  	 0.0759489	5.52768e-10	  45.8237 	   1.0948   	 0.864663	     0.418503	0.0120747 	            2469.6 	             2301.17	  4920.67	           0.126515 	-432.113	 86.8384	  0.392657
       27	surprise 	 0.231645 	5.60768e-10	  98.6672 	   5.39443  	 2.19178 	     0.412065	0.0211043 	            2261.96	             2170.61	  4531.19	           0.112438 	-394.329	 98.1496	 -6.64786
       28	anger    	 0.542285 	5.32293e-10	 322.692  	  39.215    	 6.08279 	     0.324956	0.0361223 	            2361.56	             2138.56	  4704.12	           0.115155 	-348.658	 81.9055	-28.2674
       28	disgust  	 0.207935 	6.30392e-10	 102.554  	   8.37214  	 2.28198 	     0.390128	0.0210913 	            2792.77	             2285.89	  5270.94	           0.16755  	-369.578	 75.7752	-18.1797
       28	fear     	 0.672152 	6.57375e-10	 281.914  	  71.1859   	 7.02682 	     0.326653	0.039221  	            2630.04	             2163.3 	  5022.66	           0.144857 	-344.885	 72.0778	-27.2532
       28	happiness	 0.664047 	5.88552e-10	 261.544  	  53.0472   	 6.92292 	     0.383524	0.0395032 	            2539.58	             2101.41	  4831.9 	           0.14991  	-336.939	 82.2529	-36.8124
       28	sadness  	 0.107217 	6.20638e-10	  42.5035 	   1.25585  	 1.07418 	     0.330792	0.0165939 	            2640.3 	             2301.08	  5220.51	           0.141337 	-398.255	 78.7253	-11.0439
       28	surprise 	 0.737907 	5.94019e-10	 256.153  	  53.7541   	 7.25938 	     0.351114	0.0430175 	            2328.74	             2043.12	  4558.24	           0.118782 	-339.002	 87.6292	-33.8381
       29	anger    	 0.114996 	5.19689e-10	  44.3284 	   1.06608  	 0.982048	     0.352342	0.0176908 	            2185.74	             2122.35	  4323.58	           0.0994899	-386.33 	 96.8804	-23.7306
       29	disgust  	 0.479726 	6.00071e-10	 175.543  	  21.1425   	 4.42331 	     0.378973	0.035968  	            2748.87	             2204.78	  4996.68	           0.162529 	-329.286	 70.208 	-33.9771
       29	fear     	 0.142154 	6.28773e-10	  45.2003 	   1.7733   	 1.2852  	     0.341708	0.0190007 	            2561.22	             2289.68	  4950.86	           0.127253 	-385.38 	 75.6608	-22.6174
       29	happiness	 0.70021  	6.29083e-10	 277.19   	  58.9442   	 7.08591 	     0.326102	0.0421207 	            2421.72	             2146.07	  4628.54	           0.123064 	-332.938	 79.3231	-32.9012
       29	sadness  	 0.0800918	5.76161e-10	  52.1021 	   1.29232  	 0.993233	     0.387298	0.0125653 	            2479.4 	             2363.04	  5096.78	           0.122597 	-428.49 	 82.2402	 -9.29248
       29	surprise 	 0.203549 	6.36822e-10	 130.321  	   9.80675  	 2.44161 	     0.390064	0.0196858 	            2379.03	             2187.37	  4691.14	           0.118742 	-399.73 	 91.2862	-19.9536
       30	anger    	 0.466267 	4.96409e-10	 157.054  	  20.8772   	 4.15012 	     0.335617	0.0351877 	            1794.74	             1949.4 	  3531.64	           0.0775929	-350.393	114.519 	-15.0046
       30	disgust  	 0.432055 	5.13818e-10	 148.812  	  17.7554   	 3.99721 	     0.346134	0.03345   	            2138.1 	             2150.8 	  4246.23	           0.0945871	-352.194	 96.4374	 -9.13497
       30	fear     	 0.777096 	4.68972e-10	 291.156  	  57.708    	 7.41124 	     0.311733	0.04628   	            1974.37	             2050.58	  3872.41	           0.0902108	-342.282	 96.2552	 -9.89407
       30	happiness	 0.565755 	5.01848e-10	 213.791  	  30.5236   	 5.25537 	     0.372848	0.0365734 	            2112.63	             2147.06	  4201.75	           0.0933249	-356.336	100.593 	 -8.1838
       30	sadness  	 0.302897 	5.01086e-10	 138.593  	  10.5321   	 3.09765 	     0.361658	0.0261305 	            2046.65	             2137.41	  4152.12	           0.0872046	-391.928	101.585 	 -3.94467
       30	surprise 	 0.902065 	5.6995e-10 	 345.119  	  67.8783   	 8.14751 	     0.336974	0.0495445 	            1959.62	             2050.08	  3797.59	           0.0839958	-325.104	102.39  	 -9.56346
       31	anger    	 0.666791 	4.3854e-10 	 310.575  	  49.7942   	 6.78581 	     0.359321	0.0400132 	            2386.91	             2159.99	  4670.43	           0.115648 	-347.18 	 77.8438	-21.7863
       31	disgust  	 0.593901 	5.87355e-10	 220.317  	  38.922    	 5.72389 	     0.352998	0.0389268 	            2746.98	             2181.99	  4971.74	           0.164213 	-327.343	 80.1339	-17.9237
       31	fear     	 0.382904 	5.64416e-10	 144.864  	  24.1496   	 3.73904 	     0.331926	0.0297014 	            2711.28	             2264.56	  5224.72	           0.140118 	-365.865	 69.6273	-15.0551
       31	happiness	 0.467044 	4.60774e-10	 144.87   	  31.3075   	 4.51613 	     0.382522	0.0319819 	            2661.21	             2165.98	  4963.15	           0.159817 	-362.131	 82.1772	-19.1894
       31	sadness  	 0.151614 	4.41921e-10	  94.5194 	   3.7686   	 1.89158 	     0.393053	0.0169299 	            2761.1 	             2408.69	  5432.47	           0.146499 	-426.102	 75.0231	  4.6053
       31	surprise 	 0.575879 	4.23046e-10	 173.324  	  28.2662   	 4.61523 	     0.370963	0.0367195 	            2251.82	             2142.46	  4502.79	           0.110598 	-356.353	 98.447 	-11.9034
       32	anger    	 0.770181 	4.25237e-10	 207.301  	  33.6167   	 5.66321 	     0.392079	0.0478293 	            2152.35	             1912.31	  4061.25	           0.116614 	-292.682	103.911 	-36.8841
       32	disgust  	 0.521214 	5.20207e-10	 176.661  	  23.3565   	 4.52847 	     0.412249	0.0345651 	            2620.21	             2204.69	  5025.86	           0.148308 	-335.521	 85.7048	-20.5081
       32	fear     	 0.44741  	4.65768e-10	 164.279  	  16.8925   	 3.82555 	     0.413195	0.0329087 	            2394.85	             2137.28	  4708.91	           0.126271 	-343.388	 93.8117	-21.1975
       32	happiness	 0.792475 	4.10946e-10	 370.492  	  74.9183   	 8.5927  	     0.396702	0.0440797 	            2532.07	             2163.63	  4857.72	           0.142474 	-324.972	 83.8416	-27.6019
       32	sadness  	 0.138336 	4.96072e-10	  64.0404 	   2.14951  	 1.29523 	     0.444919	0.0165278 	            2573.45	             2256.95	  5085.29	           0.140654 	-407.387	 88.9218	-11.3495
       32	surprise 	 0.415363 	4.95171e-10	 217.35   	  20.9695   	 4.37052 	     0.396636	0.0317122 	            2215.9 	             2015.44	  4290   	           0.117189 	-343.644	100.591 	-21.785
       33	anger    	 0.577482 	5.57292e-10	 227.439  	  31.7131   	 5.42998 	     0.32329 	0.0383123 	            2223.7 	             2065.52	  4344.45	           0.108423 	-342.499	 89.3601	-20.8257
       33	disgust  	 0.407197 	5.37305e-10	 171.056  	  21.2883   	 4.15928 	     0.30759 	0.0320215 	            2547.03	             2126.42	  4738.16	           0.134956 	-349.66 	 76.1127	-10.3843
       33	fear     	 0.753201 	5.72164e-10	 266.077  	  88.5499   	 8.01461 	     0.299604	0.043676  	            2352.99	             2082.89	  4488.62	           0.116116 	-341.269	 82.768 	-14.5166
       33	happiness	 0.237569 	4.61584e-10	 143.01   	  10.6194   	 2.85858 	     0.374951	0.0223838 	            2677.83	             2258.98	  5095.67	           0.148967 	-388.861	 76.5378	-11.407
       33	sadness  	 0.111353 	4.56244e-10	  61.6021 	   2.30681  	 1.32683 	     0.356167	0.0145941 	            2445.38	             2272.11	  4799.49	           0.129153 	-438.763	 83.2236	  3.94889
       33	surprise 	 0.476113 	5.2423e-10 	 189.311  	  24.1218   	 4.75509 	     0.340861	0.0340878 	            2284.12	             2051.09	  4371.63	           0.11969  	-353.071	 88.7382	-16.9032
       34	anger    	 0.118056 	4.90129e-10	  31.9562 	   1.21188  	 0.816342	     0.379058	0.0178951 	            1916.82	             1969.54	  3791.72	           0.088036 	-360.108	114.61  	-17.7814
       34	disgust  	 0.0566781	5.28678e-10	  28.7595 	   0.498235 	 0.599463	     0.391391	0.0106748 	            2228.89	             2099   	  4336.56	           0.113224 	-435.658	 98.085 	 -5.88176
       34	fear     	 0.0522198	4.61037e-10	  22.1468 	   0.556821 	 0.562759	     0.33291 	0.0111592 	            2197.94	             2178.05	  4410.88	           0.0980237	-446.089	 86.5673	 -5.19346
       34	happiness	 0.0638915	6.04463e-10	  27.2334 	   0.659244 	 0.625172	     0.356473	0.0134509 	            2252.5 	             2076.3 	  4359.02	           0.112549 	-397.965	 93.7963	 -8.61844
       34	sadness  	 0.0119187	4.53312e-10	   3.67325	   0.0141774	 0.103135	     0.41433 	0.00543972	            2394.92	             2342.67	  4913.03	           0.115051 	-482.338	 85.8159	  3.03237
       34	surprise 	 0.0541969	5.8206e-10 	  15.1348 	   0.252349 	 0.430509	     0.402577	0.0114001 	            2366.44	             2144.8 	  4526.78	           0.125266 	-428.155	 92.7546	 -8.61959
       35	anger    	 1.28535  	3.06071e-10	 329.495  	 102.417    	 9.76378 	     0.381748	0.059442  	            1960.47	             1903.29	  3896.47	           0.100923 	-305.503	112.998 	-17.0763
       35	disgust  	 1.18094  	3.85871e-10	 279.109  	  75.2136   	 8.52    	     0.372054	0.057683  	            2291.18	             1960.77	  4294.35	           0.125282 	-301.273	104.647 	 -9.99484
       35	fear     	 1.63282  	4.23079e-10	 364.792  	 147.909    	11.7749  	     0.342127	0.0723836 	            2143.81	             1921.43	  4053.54	           0.104699 	-272.233	102.533 	-13.0118
       35	happiness	 1.37941  	3.27344e-10	 368.417  	 118.36     	10.6631  	     0.326365	0.065015  	            1912.51	             1835.8 	  3698.71	           0.0993455	-297.684	110.249 	-15.1599
       35	sadness  	 0.436862 	4.55929e-10	 133.976  	  15.9799   	 3.7159  	     0.429652	0.030225  	            2392.32	             2129.6 	  4657.2 	           0.133387 	-378.771	 95.8541	 -2.83952
       35	surprise 	 1.28709  	4.34724e-10	 351.01   	 107.718    	10.2479  	     0.377853	0.0580187 	            2180.68	             1957.72	  4208.12	           0.111399 	-318.274	106.651 	-10.6734
       36	anger    	 1.0988   	4.39276e-10	 282.486  	  77.3799   	 8.63031 	     0.353542	0.054669  	            2088.78	             2025.05	  4143.67	           0.0999623	-307.802	101.913 	-22.4039
       36	disgust  	 0.75237  	4.91968e-10	 191.631  	  38.2694   	 6.06643 	     0.355831	0.0448333 	            2501.04	             2105.39	  4637.71	           0.134878 	-313.91 	 85.8916	-21.0311
       36	fear     	 0.622858 	5.05158e-10	 172.542  	  38.9701   	 5.42915 	     0.388615	0.0368779 	            2390.52	             2202.7 	  4709.34	           0.117907 	-376.071	 86.3145	 -5.832
       36	happiness	 1.15326  	3.38982e-10	 323.678  	  87.5432   	 9.18406 	     0.378308	0.0567087 	            2272.42	             2037.17	  4420.56	           0.120308 	-300.977	 94.1468	-24.2245
       36	sadness  	 0.499322 	5.43663e-10	 195.448  	  27.022    	 4.8947  	     0.39409 	0.0323129 	            2424.94	             2169.66	  4754.25	           0.126107 	-381.565	 89.3751	 -6.02972
       36	surprise 	 0.997712 	4.28859e-10	 297.592  	  76.0866   	 8.57698 	     0.37682 	0.0485009 	            2253.26	             2149.53	  4589.87	           0.105312 	-350.084	 95.3454	 -9.21227
       37	anger    	 0.874085 	6.16589e-10	 277.719  	  65.6262   	 7.43179 	     0.365747	0.047644  	            2013.02	             2031.69	  4029.18	           0.0894132	-314.245	104.184 	-18.181
       37	disgust  	 0.414164 	6.7858e-10 	 259.726  	  28.5835   	 4.65625 	     0.382213	0.031411  	            2530.27	             2135.94	  4702.33	           0.144456 	-330.45 	 83.8128	-18.72
       37	fear     	 0.0940562	5.48269e-10	  53.4759 	   1.57605  	 0.943878	     0.417877	0.0157799 	            2811.56	             2448.27	  5498.35	           0.148585 	-389.723	 71.5321	 -7.09578
       37	happiness	 0.682088 	6.19969e-10	 358.98   	  55.1102   	 7.369   	     0.404172	0.0410769 	            2596.35	             2204.27	  4860.53	           0.143179 	-327.521	 78.3411	-16.3029
       37	sadness  	 0.267013 	5.30674e-10	 144.649  	  11.978    	 3.0726  	     0.380382	0.0243339 	            2373.58	             2199.04	  4680.45	           0.119869 	-377.463	 89.3652	 -5.67871
       37	surprise 	 0.462206 	5.86998e-10	 237.582  	  32.8247   	 5.15414 	     0.379051	0.032998  	            2388.88	             2227.37	  4616.92	           0.120042 	-350.262	 89.0465	 -7.36149
       38	anger    	 0.922173 	4.91003e-10	 298.788  	  71.6887   	 7.81893 	     0.365885	0.048092  	            2203.13	             2154.79	  4399.29	           0.101249 	-319.068	 93.4294	-19.7925
       38	disgust  	 0.207391 	5.70398e-10	  78.7794 	   6.85006  	 2.14494 	     0.367232	0.0208717 	            2476.67	             2298.55	  4955.98	           0.11572  	-385.384	 80.0701	-13.2556
       38	fear     	 0.148588 	4.80496e-10	  72.1596 	   3.36993  	 1.6093  	     0.386871	0.0173594 	            2396.11	             2261.11	  4791.93	           0.11063  	-404.999	 86.4948	-15.1852
       38	happiness	 0.212105 	5.59347e-10	  83.8018 	   5.4493   	 2.16143 	     0.374637	0.0218293 	            2344.34	             2274.97	  4686.44	           0.105776 	-379.317	 85.7989	-10.3011
       38	sadness  	 0.0452174	5.24479e-10	  30.0266 	   0.426361 	 0.565962	     0.423298	0.00923175	            2453.59	             2361.92	  5057.37	           0.11393  	-452.605	 87.7821	 -5.25532
       38	surprise 	 0.24858  	5.48057e-10	 112.964  	   7.94385  	 2.60352 	     0.420955	0.0234957 	            2313.6 	             2199.52	  4638.8 	           0.114886 	-378.818	 92.3774	-21.2232
       39	anger    	 1.07907  	4.38154e-10	 409.57   	 113.016    	10.3689  	     0.346658	0.0548975 	            2206.63	             2001.14	  4199.51	           0.110504 	-292.026	 88.2785	-35.1832
       39	disgust  	 0.415035 	4.43857e-10	 218.967  	  30.9411   	 4.69537 	     0.410667	0.0289051 	            2609.1 	             2303.93	  5070.97	           0.135215 	-364.006	 72.8072	-14.213
       39	fear     	 0.65352  	5.13453e-10	 390.56   	  83.2678   	 8.14506 	     0.362962	0.0363584 	            2459.93	             2319.86	  4953.43	           0.113778 	-355.268	 71.3402	 -8.69818
       39	happiness	 0.735604 	5.80877e-10	 365.173  	  64.7454   	 7.92638 	     0.378161	0.0417602 	            2571.04	             2248.38	  4980.09	           0.137156 	-330.306	 72.2817	-20.2217
       39	sadness  	 0.0280766	5.13693e-10	  14.4365 	   0.150856 	 0.378012	     0.403235	0.0080159 	            2569.58	             2463.91	  5395.4 	           0.102217 	-460.484	 72.7186	 -2.87234
       39	surprise 	 0.108935 	5.0038e-10 	  66.5905 	   2.03818  	 1.31786 	     0.4488  	0.0135306 	            2561.27	             2482.01	  5420.69	           0.117641 	-442.252	 78.3674	 -1.20402
       40	anger    	 1.07665  	5.09029e-10	 412.242  	  98.9783   	 9.7468  	     0.354186	0.0541111 	            2313.39	             2226   	  4664.97	           0.106235 	-313.655	 83.4163	 -1.39895
       40	disgust  	 0.652247 	5.17521e-10	 236.059  	  45.0603   	 6.32944 	     0.387923	0.0373532 	            2440.77	             2226.05	  4818.42	           0.125234 	-358.685	 88.3601	 -4.63787
       40	fear     	 0.52508  	5.27618e-10	 211.978  	  45.1735   	 5.46184 	     0.387905	0.0306845 	            2473.34	             2355.09	  5038.28	           0.111697 	-389.821	 76.9347	  3.8425
       40	happiness	 0.780356 	5.00575e-10	 323.677  	  62.2266   	 7.75927 	     0.391859	0.0481281 	            2717.29	             2169.25	  4972.74	           0.147614 	-321.16 	 71.1431	 -3.64141
       40	sadness  	 0.0944002	4.6207e-10 	  37.5256 	   0.995454 	 0.913276	     0.431666	0.0134629 	            2659.69	             2416.61	  5362.01	           0.129355 	-444.157	 77.865 	  2.08916
       40	surprise 	 0.417408 	5.8987e-10 	 160.624  	  16.088    	 3.77362 	     0.380773	0.0320145 	            2274.34	             2221.55	  4646.3 	           0.106825 	-361.053	 92.0007	 -1.62729
       41	anger    	 0.16574  	5.08566e-10	  95.1514 	   3.14725  	 1.66901 	     0.407255	0.018643  	            2325.66	             2295.99	  4768.56	           0.109343 	-402.607	 92.7024	 -4.7346
       41	disgust  	 0.244329 	5.88315e-10	 203.635  	  11.7427   	 3.24378 	     0.418851	0.0215668 	            2740.49	             2388.43	  5336.45	           0.150103 	-380.285	 69.8443	 -8.28696
       41	fear     	 0.146637 	5.5817e-10 	 101.382  	   6.32278  	 1.98228 	     0.437439	0.0157508 	            2554.84	             2379.18	  5179.32	           0.130063 	-410.852	 80.4009	 -7.0476
       41	happiness	 0.138478 	6.31657e-10	  78.1567 	   5.34308  	 1.66187 	     0.406605	0.0153059 	            2481.73	             2369.62	  5064.68	           0.124306 	-418.518	 84.021 	 -0.978269
       41	sadness  	 0.0360868	5.34065e-10	  15.6137 	   0.118088 	 0.336377	     0.444412	0.0086148 	            2525.87	             2343.43	  5085.56	           0.133211 	-450.57 	 87.1411	 -1.71196
       41	surprise 	 0.0210107	5.29441e-10	   9.96863	   0.0619934	 0.210761	     0.456339	0.00638876	            2685.06	             2548.48	  5492.17	           0.142799 	-475.207	 82.049 	  8.24565
       42	anger    	 1.13579  	5.93499e-10	 349.287  	  77.2997   	 8.6419  	     0.378686	0.06172   	            2424.03	             2146.68	  4697.78	           0.125074 	-233.027	 82.33  	-22.3597
       42	disgust  	 0.908178 	6.36312e-10	 299.683  	  58.0935   	 7.28148 	     0.429554	0.0562478 	            3017.89	             2229.52	  5462.5 	           0.190013 	-252.933	 59.9799	-17.1849
       42	fear     	 0.437564 	5.38298e-10	 174.532  	  30.8582   	 4.24822 	     0.394625	0.029791  	            2688.07	             2315.68	  5247.17	           0.135996 	-356.886	 67.7478	 -9.2302
       42	happiness	 1.18989  	5.53378e-10	 408.583  	 103.728    	10.0991  	     0.363667	0.0628743 	            2607.72	             2192.9 	  5027   	           0.13663  	-256.866	 73.1334	-13.6804
       42	sadness  	 0.0435375	5.8301e-10 	  21.3749 	   0.302015 	 0.455087	     0.456206	0.0104584 	            2854.95	             2484.37	  5712.78	           0.14323  	-431.811	 62.3963	 -0.547592
       42	surprise 	 0.589361 	6.16415e-10	 150.24   	  27.1661   	 4.34153 	     0.425008	0.0392062 	            2477.72	             2283.16	  4999.39	           0.124893 	-323.873	 84.3142	-10.6099
       43	anger    	 0.810056 	5.30568e-10	 384.716  	  67.3741   	 7.89268 	     0.366189	0.043706  	            2316.16	             2358.32	  4929.95	           0.0965313	-340.081	 82.0738	  4.52471
       43	disgust  	 0.260711 	5.67045e-10	 170.782  	  11.0017   	 3.22994 	     0.38182 	0.0230735 	            2718.72	             2429.16	  5507.48	           0.134383 	-389.887	 68.8139	 -0.100329
       43	fear     	 0.0940419	5.26188e-10	  36.7852 	   1.16391  	 0.951147	     0.390809	0.0139434 	            2515.26	             2401.11	  5198.58	           0.113706 	-424.815	 76.0662	 -2.01013
       43	happiness	 0.58232  	6.27395e-10	 247.01   	  37.1685   	 6.03457 	     0.341275	0.038977  	            2351.12	             2124.17	  4582.05	           0.121838 	-324.764	 81.3411	-15.9473
       43	sadness  	 0.048736 	4.94249e-10	  18.2521 	   0.321057 	 0.52453 	     0.460991	0.0089125 	            2634.41	             2455.71	  5322.87	           0.135411 	-479.173	 78.6483	  8.68658
       43	surprise 	 0.579078 	5.60146e-10	 300.22   	  41.775    	 6.34201 	     0.380094	0.0366406 	            2197.98	             2194.48	  4575.24	           0.10155  	-370.77 	 90.3309	 -1.80515
       44	anger    	 0.663831 	5.06523e-10	 345.943  	  56.0362   	 7.3546  	     0.356111	0.0398445 	            2302.17	             2144.73	  4424.26	           0.118473 	-378.044	 80.5954	 -9.94202
       44	disgust  	 0.589217 	4.72709e-10	 274.587  	  48.6401   	 6.68675 	     0.365766	0.0345016 	            2408.79	             2211.46	  4791.71	           0.121484 	-380.336	 82.3475	-12.9554
       44	fear     	 0.335655 	5.0981e-10 	 306.46   	  51.1274   	 6.06937 	     0.301355	0.0247029 	            2673.86	             2477.59	  5385.03	           0.121884 	-421.365	 52.6023	  0.0810143
       44	happiness	 0.822203 	5.28205e-10	 371.66   	  79.5738   	 8.59276 	     0.374071	0.0440096 	            2351.53	             2084.56	  4502.45	           0.130231 	-341.476	 89.9554	-22.9078
       44	sadness  	 0.104873 	4.69103e-10	  97.5576 	   3.24531  	 1.73329 	     0.34137 	0.0133263 	            2547.64	             2432.42	  5242.05	           0.121909 	-488.584	 69.1828	  4.59028
       44	surprise 	 1.06797  	5.35223e-10	 413.822  	 118.771    	10.7842  	     0.344548	0.0513315 	            2147.18	             2038.18	  4178.19	           0.105743 	-348.539	 90.1222	-18.4465